Hashtag,Conteo
LA ,1
M3GAN una pel√≠cula digna de an√°lisis psicol√≥gico y de reflexi√≥n üî™   üçøEn cines el 4 de enero ¬øte atreves a verla? üò±  ,1
NoHablesConExtra√±os ¬°Ya en cines!   *Publi* ,2
abs ,2
abuso ,2
abusopolicial ,1
academiadepsicologos ,2
academiapsicologia ,2
actualidad ,28
ad ,1
aesthetics ,3
agresividad ,1
ai ,1
alograndepodcast ,4
alucinaciones ,1
amor ,24
amorfalso ,1
amorodio ,1
amorromantico ,2
amywinehouse ,2
analisispsicologico ,3
anaobregon ,1
andordad ,2
angelmartin ,2
animal ,1
annadelvey ,1
ansiedad ,94
antisocial ,2
antropologia ,5
apego ,49
apegoevitativo ,4
aprendeentiktok ,1
aprendepsicologia ,2
aprenderpsicologia ,1
art ,1
asesinoenserie ,1
athlete ,4
atraccion ,4
auronplay ,1
autoamor ,10
autoayuda ,1
autoconocimento ,2
autoconocimiento ,49
autocuidado ,11
autoestima ,372
autoridad ,1
autovalidaci√≥n ,2
backtoblack ,2
ballerinafarm ,2
bebereno ,2
besorubiales ,2
bikini ,8
bikinifitness ,3
biologia ,2
biyin ,1
bizarrap ,1
blackalienproject ,1
blockout2024,2
bodybuilding ,6
bodybuilding  ,2
bossgirl ,4
bossgirl  ,3
bullying ,2
buttworkout ,1
bzrp ,2
california ,1
capadoccia ,1
capadocia ,1
capadociaballoons ,1
cat ,1
celos ,102
cerebro ,1
claudiamartinez ,1
claudianicolasa ,6
coach ,1
coaching ,7
comics ,2
compromiso ,1
comunicacion ,1
conexi√≥n ,2
consejosdepareja ,2
coronavid19 ,1
coronavirus ,1
coronavirusespa√±a ,2
covid_19 ,1
crazy ,1
crecimientopersonal ,1
criminologia ,5
cumplirobjetivos ,2
cute ,1
deadlift ,3
delirio ,2
dependenciaemocional ,171
depresion ,5
desarrollopersonal ,281
deseo ,2
deseosexual ,7
diet ,8
dieta ,2
disciplinapositiva ,1
divulgacioncientifica ,1
dl ,1
downloadfestival ,1
downloadfestmad ,1
downloadmadrid ,1
dulcessaludables ,1
ecommerce ,1
elguason ,2
eljoker ,2
elonmusk ,2
elreydelcachopo ,2
empoderamiento ,10
emprendedores ,1
emprendimiento ,15
empresa ,1
entrenamiento ,1
epigenetica ,1
esquizofrenia ,1
estudiarpsicologia ,1
etologia ,4
evento ,1
eventosdepsicologia ,2
eventosenmadrid ,1
evitativo ,2
evitativos ,2
evolucion ,1
exito ,1
experimentos ,3
experimentosocial ,1
fail ,1
fashion ,8
figure ,3
firsdates ,1
firstdates ,13
fitfam ,4
fitgirl ,8
fitness ,13
fitnessaddict ,1
fitnessgirl ,8
fitnessmodel ,6
flowers ,2
follow ,7
formacionenpsicologia ,6
formacionparapsicologos ,10
formacionpsicologia ,2
formaci√≥nenpsicobiolog√≠a ,2
freedom ,1
frikness ,1
fun ,1
funny ,1
gaslighting ,3
genetica ,2
gestacionsubrogada ,1
gestionemocional ,1
ghosting ,2
girl ,8
girlswholift ,8
goals ,1
goldsgym ,1
goodvibes ,1
guerramundial ,1
gym ,8
gymfail ,1
g√©nero ,2
hardstyle ,5
hate ,1
hater ,1
haters ,1
healthyfood ,5
heavy ,1
heavymetal ,1
heladocasero ,1
heladofit ,1
historia ,1
hogueras ,6
humor ,5
ia ,2
ifbb ,1
infidelidad ,84
inseguridad ,8
introvertido ,6
inversion ,1
invertir ,1
investigaci√≥n ,1
irongirl ,4
isladelastenciones ,2
isladelastentaciones ,108
isladelastentaciones4 ,5
isladelastentaciones5 ,2
itendswithus ,2
javiredondo ,2
jennihermoso ,2
joker ,4
karolg ,1
kitty ,1
laisladelastentaciomes ,2
laisladelastentaciones ,118
laisladelastentaciones2 ,6
laisladelastentaciones5 ,10
lanadelrey ,1
lapsicolog√≠apr√°ctica ,2
legday ,1
lenguajecorporal ,7
lenguajenoverbal ,11
libertad ,1
liderazgo ,1
lidlt ,31
lidlt5 ,1
lidlt6 ,3
lidt6 ,1
lift ,3
ligar ,1
linkinpark ,1
llados ,4
lladosfitness ,6
losangeles ,1
losrenglonestorcidosdedios ,1
love ,9
lovebombing ,1
m3gan ,1
madrid ,4
makeup ,2
manipulacion ,14
mariangamboa ,4
marketing ,2
masterchef ,1
masterchefcelebrity ,1
masturbaci√≥n ,2
maternidad ,1
mediosdecomunicacion ,1
megan ,1
memesdeparejas ,2
memesdepsicolog√≠a ,17
memespsicologia ,5
memespsicolog√≠a ,3
mentalidad ,2
mentesana ,1
merlina ,3
merlinaaddams ,3
merlinabailando ,2
merlinanetflix ,2
metal ,1
miedo ,1
miedoalcompromiso ,1
miercoles ,2
miercolesaddams ,3
miercolesnetflix ,2
mileycryus ,2
mindfulness ,4
mirenodepeluche ,2
monotonia ,2
montse ,1
motivacion ,1
mtmad ,3
music ,1
narcisismo ,137
narcisista ,14
narcisistas ,2
natty ,1
naturalbodybuilding ,1
nazismo ,1
negociacion ,1
netflix ,2
netflixespa√±a ,1
neurociencia ,11
neuromarketing ,1
neuropsicologia ,1
null,62
ozuna ,2
pacienciaancestral ,1
paicologia ,6
parati ,1
pareja ,2
parejas ,5
parejastoxicas ,1
party,1
pas ,2
patente ,1
peakyblinders ,1
peakyblindersquotes ,1
personalidad ,1
persuasion ,1
peter ,1
pique ,2
play ,1
podcastdepsicologia ,2
polemica ,6
politica ,1
positividad ,2
positividadtoxica ,1
postresfitness ,1
postressaludables ,1
power ,2
powerbuilder ,2
powerlifting ,7
pr ,1
productividad ,2
programamia ,10
propositos ,4
propositos2024 ,2
psicohumor ,1
psicologa ,6
psicologia ,608
psicologiacognitiva ,2
psicologiadelamor ,7
psicologiadelexito ,2
psicologiadepareja ,4
psicologiadeportiva ,2
psicologiaevolucionista ,1
psicologiaonline ,7
psicologiapolitica ,1
psicologiasexual ,8
psicologiasocial ‚†Ä ,1
psicologo ,4
psicologoonline ,4
psicologos ,6
psicologosonline ,2
psicolog√≠a ,7
psicolog√≠adelamor ,2
psicolog√≠adelavida ,2
psicolog√≠aparalavida ,2
psicolog√≠apr√°ctica ,2
psicomemes ,6
psicopata ,11
psicopatas ,1
psicopatia ,10
psicopatologia ,1
psicopat√≠a ,2
psicosis ,3
psicoterapia ,2
quamtrax ,1
realacionessanas ,2
reality ,1
recetasfaciles ,1
recetasfitness ,1
recetassaludables ,1
redflags ,9
relaciones ,38
relacionesamorosas ,4
relacionesdepareja ,11
relacionessanas ,121
relacionestoxicas ,212
relacionestoxicas  ,1
relacionestoxicas t√≥xicas ,1
relacionestoxivas ,2
relacionest√≤xicas ,1
relacionest√≥xicas ,16
relaci√≥ndepareja ,2
resiliencia ,1
ristomejide ,3
ristomejideylauraescanes ,1
rock ,1
rolesdegenero ,4
romperelcirculo ,2
roro ,10
rorobueno ,2
rubiales ,2
ruptura ,165
salud ,1
saludmental ,446
sanvalentin ,1
seduccion ,3
seducc√≠on ,2
seducir ,2
segundaguerramundial ,1
seriesnetflix ,1
sesgo ,1
sesgoscognitivos ,2
sexologia ,1
sexolog√≠a ,2
sexualidad ,2
shakira ,6
shakirabzrp ,2
shakirafan ,2
shakirafans ,3
shakiraypique ,2
shreddingseason ,2
sintomaspsicol√≥gicos ,2
sport ,8
squat ,2
squats ,1
strong ,3
strong  ,3
summer ,1
sweet ,1
tattoos ,1
tea ,3
telecinco ,2
terapia,2
terapia ,138
terapiadepareja ,2
terapiadepareja  . @juandomartinezmontiel @marialobillo_  . PRODUCTORA:  @stereonoke.ec ,2
terapiaonline ,1
terapiapsicol√≥gica ,2
terapiq ,2
terceraedad ,2
terror ,1
thriller ,1
tlp ,2
tnp ,1
tommyshelby ,1
tqg ,1
trastorno ,1
trastornoantisocial ,2
trastornos ,2
trastornosmentales ,5
trauma ,54
turkey ,1
turquia ,1
universidad ,1
usa ,1
venicebeach ,1
ventas ,1
veronicaforque ,1
vidaenpareja ,4
vientredealquiler ,1
wednesdayaddams ,2
wednesdayaddamsedit ,2
wednesdaydance ,2
workout ,8
yonoolvido ,1
you ,1
younetflix ,1
youtube ,2
youtubeespa√±a ,3
zonadeconfort ,1
